看个电影不容易,很差,2021-02-12,2607,贾玲昨晚的喜剧已经尴尬到我了… 这个导演的电影真的更加尴尬… 还是好好当个综艺咖吧！电影就算了…别伤害影迷的眼睛了…
嘟嘟熊之父,较差,2021-02-12,1954,圆故事的方式太拙劣，谁说母亲的归宿只有牺牲自己成就别人？原版小品用三十分钟向我们展示了操劳一生的母亲年少时不被女儿所知的单纯和快乐，那是属于她自己的黄金年代；而电影用一百三十分钟向我们展示了母亲即便在弥留之际回到过去，依然一心只想陪女儿演戏让女儿开心。小品的哭点在于不舍与悔恨，电影的哭点在于崇高而伟大的母爱。不过如果贾玲能靠这片坐稳中国喜剧第一把交椅，再也不用跟沈腾陈赫这些老黄瓜合作，向我国油腻中年男导演看齐找一些脸蛋肉体都完美的年轻男演员搭戏，也算是功德一件。
24,很差,2021-02-12,2147,打着亲情牌圈钱  说难听就叫消费亲妈
vincentblack,很差,2021-02-12,1917,不想在大过年的接受情感强奸。
白子耀眼,较差,2021-02-12,1853,我不喜欢，我不觉得好笑，也不觉得感动
裴村的劳伦斯,很差,2021-02-12,1714,说实话吧，这要都算电影，电影的门槛是太低了点。
判官,较差,2021-02-12,1580,张小斐还行，整体观感就像看现如今强迫你笑你哭的春晚小品，对不起我真的入不了戏。
陀螺凡达可,较差,2021-02-13,1170,2.5 穿越梗是人家三十多年前玩剩下的套路，拍得也很糟糕（导演问题），全程味同嚼蜡，直到最后那个反转。这是皮克斯式的情感/视角反转（参考瓦力、玩具3和Coco），学到了精髓而奏效，可惜又处理得过于繁重拖沓。当然电影之外的真情实感的确很动人。
索索,很差,2021-02-12,1428,贾玲你这样算不算恰烂钱？我就想问这个电影要干嘛？你要煽情没问题要找人客串没问题，要搞笑都没问题！可你什么都来一点。大杂糅无非就是要保证票房而已！
書崎,很差,2021-02-12,1263,歌颂母德，令人不适。如果一个创作者的私人情绪泛滥成灾，那么最终成品也只能是一个灾难。
谢谢你们的鱼,较差,2021-02-12,943,80年代性转夏洛一点不烦恼，从头到尾的无聊和尴尬，贾玲说说是讲述自己和妈妈的故事，其实真的和妈妈一点关系都没有，尤其是李焕应这个角色，就是一个工具人而已。一个小品撑长到电影长度已经很勉强了，结果还在小品里面套小品和段子就更让人难以忍受了。整个故事真的可以说一马平川，没有真正的人物矛盾，没有真正的情节波折，甚至，连整个故事的情感支点都是虚的，剧本的堆砌感实在是太强了，结构散得一塌糊涂，观众是真的好骗呀！
不眠野火,较差,2021-02-13,991,笼统的看下豆瓣评分就去看了，真的很失望，感觉评分是刷的，不值票价和时间，贾玲值得尊敬，母爱更值得赞扬，但这种形式，就像小学的感恩大会，有一个人拼命的在台上讲，拿出各种故事拼命的渲染，好像不感动不哭就是不合适宜。
慢一点又怎样,较差,2021-02-12,813,太过个人化了，贾玲哭了太多，纪念自己的母亲没问题，但是拍成电影给观众看，能不能考虑下观众的感受？一味宣泄导演的个人情感，拍成家庭录像自己纪念不是更好？
Rosskaya,较差,2021-02-12,696,“观众已经笑得不行了”
kaiichi,较差,2021-02-12,711,看电影最厌恶的就是电影里的人强行煽情哭了但是看的人很尴尬。喜剧部分也做得不怎么样，沈腾说是男一的戏份但是存在感比陈赫还弱，更看得人难受了。
有点意思诶,很差,2021-02-12,706,我求求这群演员了，真不是是个人都能当导演
当幸福来敲门,很差,2021-02-12,644,现在的喜剧已经不是喜剧，都是让你一会笑一会哭的，pua套路
Endurance,较差,2021-02-12,617,8分？是因为我没看过开心麻花，对这个体系的喜剧存在一些误会吗？我以为自己对贺岁片已经够宽容低期待了，唐探，飞驰人生，流浪地球，都是手松一松能给4星的贺岁片，但李焕英是真的不行，毫无新意，所有的场景台词都是能找到一百八十个前辈的陈词滥调，听听你妈年轻时候的故事都比买票跟着别人哭强啊，脱离不了屎尿屁和融梗的国产喜剧，太廉价。尊重贾玲的心意，但不认同这是一部值得被夸赞至此的电影。
自由如风29,很差,2021-02-13,641,自我安慰式小品
June,较差,2021-02-14,606,我讨厌煽情喜剧！即使再感人  流泪会有种被“打亲情牌”而被占便宜的感觉
南悠一,较差,2021-02-15,409,"电影有一种聪明的真诚，可是这种真诚并不新鲜，每隔一长段时间，从让人疲惫的视效大片出来，你都能找到类似的感动，在国内电影市场上成为黑马。我们被这样的片子感动过太多次了。创作者不能老是这么拍电影，观众亦不能老是做煽情大保健。

它起了一个坏示范，无法从沉湎于悲伤中，走向理智，走向探索生活本质，因而它用冗长的煽情，绕开了现实的复杂。在某种程度上，它绑架了大多数母亲，建立一种刻板的母亲形象，抹掉了母亲形象本身的丰富，也绑架了身为子女的观众。

从技巧上，即使对比《相爱相亲》情节剧，它也缺乏力量，就更难对比类似《痛苦与荣耀》里母亲和子女作为独立个体相互平视的亲密关系。真的，我们不需要黏糊糊的中国式不分你我的亲情，我们不需要下跪父母，我们更需要在这种亲情中，走向人格的独立、人的平等和思想的升华。"
潘汝良,很差,2021-02-13,495,不知道有多尴尬 全程尬笑
途中,很差,2021-02-12,521,````最讨厌这种电影！！
不朽浩克,很差,2021-02-13,480,"1.5。喜剧元素出众，笑点属上乘。靠细节抓住时代感，通过时代落差反过来促进笑点
""自我记事以来，母亲就一直是一个中年妇女，但是我们却容易忘记她曾经也是一个花季少女""。说得很好，可惜没有任何意义，在鸡汤里都算下流水平
电影很好地完成了风格的转变，至少效果是达到了的，电影院里前半段笑声不断，后半段鸦雀无声，真正地做到了""有笑有泪，喜剧的内核是悲剧""的大众低俗标准，可惜转场的生硬导致全片漏洞百出，然而这些都在观众的哽咽中抛在脑后
贾玲的确用心拍摄了这部电影，真情实感在影像的流动间溢出屏幕，对母爱的赞美让我们感同身受，很好地做到了共情，可惜这不是电影的评判标准
""献给所有伟大的母亲""，主题一下子升华，电影结束后观众的赞美声再次证明了煽情永远是电影最低级最取巧的表现手法。片中的母爱远没有达到伟大的地步"
野生丹尼,较差,2021-02-12,447,基本上和夏洛特烦恼一个套路，穿越过去弥补现实生活的遗憾。但剧本比不上夏洛打磨的千锤百炼。能看出贾玲对母亲的真挚感情，但不足以撑起一部电影的篇幅。
已注销,很差,2021-02-12,544,注水严重，5分钟的小品拖沓到俩小时。感觉就是一大堆喜剧明星的拼盘电影，夏洛特烦恼+中国女排的升级版。最后强行煽情，不知所云。
Mia,很差,2021-02-13,477,微博上发不出负面评论，怒打低分。浓缩成一出小品 或者 拍一个短片，也许会不错。作为一部电影，一塌糊涂。难过。
寄情于它的惨女,较差,2021-02-12,489,逻辑很差让人无法共情，前面笑料勉强可以，后面哭得可尴尬了，作为导演，她想导观众的是，看我都哭成这样了，你们快给我哭！
遇見小怪獸🌈,较差,2021-02-12,382,放在大过年，大年初一给老子哭？？？？为什么喜剧一定要哭！不哭不行嘛？？
恰帕斯东风电台,很差,2021-02-14,311,如此成功地调动了观众的情绪和心理，诠释了电影作为一个现实生活的宣泄口和安慰剂，在意识形态上功能可以多么强大。越是回到过去，我们离现实越远。实际上，你和你妈的矛盾，根本不是靠两个人重新选择可以解决的，而是靠你妈接受了你的平庸，达不到社会成功人士的标准。可是，有出息的标准是注定不会被质疑的，只恨发财买车没有早一点，让妈赶上享福。这难道不是一个成功人士对“失败者”的冷酷规训吗？最后，观众在愧疚、自责和遗憾中流下感动的泪水。可是，女性之不幸，原来终究是子女一代的错吗？社会变迁、家庭结构，隐没在母爱的伟大里，逃避了追问。我为这样地利用一个母亲而感到悲哀，因为她的不幸仍要在这个大地延续下去，在循环往复的过新年里被虚假地应付，实际上这不幸是永远过不去的。
炼金巫师,较差,2021-02-15,437,这片子好时机，能这么高分，只能说明人民群众的情感匮乏到什么程度了
风华正茂任逸帆,很差,2021-02-12,366,春节档电影票价很贵，选来选去还是看了这部，倒不是喜欢沈腾和贾玲，而是抱着宣传的噱头:喜剧片才带着爸爸妈妈去看，看完之后只有一个感觉，喜剧片不是各位的噱头，特别是春节元旦这样的档期，还有希望各位对喜剧演员的包容度稍微减一减，沈腾贾玲尴尬至极，还有一个要命的陈赫。。。。
大虫之风,较差,2021-02-13,361,实际上三星都很勉强的……豆瓣分太高了8.2，好吧2星……没有任何创新，剧情拖沓，强行煽情……
郑茗友,很差,2021-02-18,331,"花100块去看贾玲怀念她妈，我还不如花100块请我妈吃顿饭！
"
郫县豆瓣小王子,很差,2021-02-12,330,嗯，观众们对喜剧的包容度挺高的，小品版就没看出个所以然。
朱丽叶,较差,2021-02-13,338,"看完真是气死了，求求中国的导演了，拍喜剧就纯粹点吧，咱别煽情别拔高别搞低级催泪行吗？我花了比平时贵的票价是来寻开心的不是来哭的啊喂。
本来前半部分还算是精致轻松的风格，后半部分就又往煽情的低级趣味上去了。对，亲情确实很容易感人很容易把观众弄哭，咱们能不能选个难点的level,把它拍成云淡风轻，春风化雨好不好？
真TM妥妥春晚小品风。躲过了春晚，却没躲过这货。"
相逢何必不认识,较差,2021-02-12,318,"看过这个小品，人都没换，变成电影了。。。作为骗钱贺岁档一点诚意都没有，史上最i差，看不下了。
如果你看过贾玲的小品，看过这个的话。我不知道你什么心态。看什么不好看这个。实力劝退。
嘴一句，是挺感人，但是我都说了。"
有朵雨做的云,较差,2021-02-16,290,豆瓣也开始水了
胡小邪丶,很差,2021-02-12,265,所有不是沈腾主演却写他主演，预告片就减他出场的部分骗我去看的片子全部最低分
布拉德家小皮特,很差,2021-02-13,285,30/100 俗套至极的剧作本就奠定了不佳的观感，而后大篇幅的自我感动更叫人尴尬得无地自容。也许贾玲真的把电影当作了小品，如乱炖的类型语气割裂了所有闪光点，却依然妄图用“真实事件”来掩盖除了俗套的情感升华什么也不会的事实，并且前者早已在矫揉的煽情桥段里被消弭得一干二净。在影院看纯粹浪费票钱。
肥嘟嘟豆卫门,较差,2021-02-12,267,陈赫的戏份太恶心了，和贾玲一起躲雨，陈赫和贾玲肥胖身躯挤来挤去恶心死我了，尴尬到我脚趾母都扣起了。
嗷嗷,较差,2021-02-12,271,好无聊好无聊，旁边的小朋友被无聊哭了，真的难看。不知道要讲什么，笑点还都很尬，贾玲演的这个人真的好奇怪，还一直愁眉苦脸的，她煎熬，我看她也煎熬。看在沈腾的份上两星吧，张小斐也还行
SSnn,很差,2021-02-13,290,mv级别的电影
白马会所大股东,很差,2021-02-14,298,太刻意了，结构方面甚至可以说还是个小品
敖厂长,较差,2021-02-15,225,过誉了真的。。。大概就是贾玲小品集锦+王牌对王牌煽情套路。
有心打扰,较差,2021-02-12,174,谁不想去父母年轻的那个时候看看呢？！老生常谈的故事，司空见惯的段落，有些笑点，有些泪点，但大部分是挺无趣的。放在春节档里，倒是有挺好的宣传口（带着父母等等）来吸引观众入场。
柯里昂,较差,2021-02-12,184,单纯对穿越梗感到反感与厌恶。
鄙伶,较差,2021-02-28,149,2.2 真的太无趣了，根本不配称之为电影，贾玲的导演成分只有小品式的搬弄翻版，表演只会大哭和傻笑，每当镜头从近景zoom in至脸部特写时，失效的脸部浮夸表情与镜头的运动衔接此刻极其地不匹配，还在拿舞台的思维进行电影表演呢， 而且这个镜头在全片还有滥用之嫌，一股狠不成熟的视听手段暴露显现，可见当下院线电影的导演门槛有多低。如此老套的穿越梗情节，黑白到彩色普普通通低级的设计真的不是大一编导学生想出来的吗，尤其那几段剪辑太差了，几乎每一段情节都是如此尴尬拖沓，况且连处于时空错位之下都不会有效设计笑点，《乘风破浪》处理得都比这好。非要说真诚，全片唯一真诚的时刻只在片尾对于电影之外真实人物的致敬。
sTill-Life,较差,2021-02-13,180,既没让我笑也没让我哭，每个“爆笑”段落都尬出天际，最后又来一个大型煽情。片尾曲第二首是啥玩意？第一次遇到这么赶客的片尾曲。还有那段女儿撮合妈妈相亲的戏，跟这个年代催婚的母亲们有啥区别，约等于把“时代倒退”几个字打在了大银幕上。唯一让我共情的点在于即使是有李焕英这么好的妈妈，做女儿的也一直一直在努力想让妈妈高兴。这说明大多数母亲都让孩子感到亏欠，而孩子却在无条件地爱她们——宁愿不出生，也希望妈妈能过得更幸福。
嘿你的菠萝,较差,2021-02-16,177,就这？就这？8.3分？我居然花了60块在大年初三去看了这么一部电影？？大家对中国电影要求这么低了吗？我承认有些许的小亮点，题材也不错，所以在我心里它可以打到及格线6分，但是这完全没有到优秀吧？剧情老套，转折生硬，最后一大段贾玲的哭戏哭了我一地尴尬的鸡皮疙瘩…哪怕换个有演技些的演员我都能再多打一星，一整部电影就像是强行煽情的哄闹小品，居然能上大银幕还有8分的高分？我服
瓶子,较差,2021-02-12,159,1.道路千万条，安全第一条，各位上路一定要看路啊！2.感觉像是夏洛特烦恼的翻版，夏洛特毕竟第一次，还有点经验，这个，，，毕竟这年头穿越剧好多好多3.母爱太过沉重，看不下去，反正母爱伟大完事4.作为男的，看这片怎么老想着名词“丧偶式育儿”。。。
kiki,很差,2021-02-13,200,得比唐3低两分
Lunatic12138_,很差,2021-02-18,213,"就这破电影，一堆人哭的稀里哗啦，还觉得自己倍有欣赏能力，还觉得自己共情。打个三分不吹不黑，但硬要把他推上45分我就不敢苟同了。
摊手。打个两星凭着我的权重把分拉下来。

我又回来了，改一星了。什么鬼剧情什么烂演技，这玩意有脸刷8分？？？？？恰烂钱？？？

来杠我！三无小号尽管来杠！


……3月16日更新
听说这玩意还能出口国外，真把自己当啥了"
不是本人,较差,2021-02-13,166,不至于不至于，逻辑都没有，从电影层面来说问题太多
影子的影子,较差,2021-02-12,144,宛如某晚小品，前面不管咋地最后反正都必须给你一个煽情。感觉前面拍那么多有的没的都是为了那个煽情结尾，可是你起码也把前面故事编圆了好吧？真要图个感动就拍最后十分钟足够了
Dr.Ray,较差,2021-02-12,124,5分。低配版《夏洛特烦恼》，二者相比，贾玲几乎没有拿‘回到过去’这件事做文章的野心，更多的只是想写好这封弥补曾经遗憾的给妈妈的情书。它很走心，比去年的《囧妈》更适合讲母亲与下一代关系的这个议题，结尾也努力营造了上佳的催泪效果，但从电影这个维度来说，只靠最后那一重（立意很好但实际上与情节可以贴合得更好）的小反转，还是远远不够的。多1分给沈腾这回还算配得上男演员一番的戏份。
精神分裂症患者,很差,2021-02-12,146,完全没有看下去的欲望  强行煽情最可耻
金灯道君,较差,2021-03-18,92,这破烂电影能成为中国电影史票房第二，是中国电影人，乃至世界电影人的耻辱。煽情、刻意、莫名其妙，什么感动，老子只想笑。
木鱼菌,较差,2021-02-12,150,现在国内电影圈真的是什么阿猫啊狗都能当导演
夏天,较差,2021-02-12,113,要是我就选择沈光林了
王写写,较差,2021-02-15,86,大失望，甚至不如《乘风破浪》！能把沈腾拍这么无聊的人还真少见。穿越喜剧本质上是时代和身份的错位，引发不同语境的碰撞和误解，从而制造幽默，最后再走向种种动人时刻。这个基本逻辑因节奏和时代元素老套的表达，在片中无数次断裂。继歌厅KTV后，女排、爆米花机成为新的怀旧标签被滥用，这两年已经看吐了。电视、球赛、影院、划船、演出等几乎每场戏的笑点设计都很平庸，又被拙劣的视听浪费了，以至最后的煽情完全无法达到扭转情绪击中心灵的效果。结尾转折可能是最巧思的部分，但显然没精彩到让人忍受前期漫长的无聊。我曾说过小品电影也会是种不错的路径，但影像小品可就过分了。本片有太多舞台小品的痕迹，不仅是因为从小品改编，也是因为导演跳不出小品思路。但艺术家的责任之一确是汲取自我生活的养分和疼痛并表达给世人，仅有此点值得肯定。
吃胶片的考拉,较差,2021-02-22,109,导演和观众的自我感动。
乔二毛,较差,2021-02-12,117,一般，故事老套，范式表现，穿越梗用的生硬，复古情调模板痕迹严重，就像点了一键滤镜，观影全程很努力去感受了，但还是没法共鸣，贾玲哭戏那段彻底出戏，再没进去。衔接和感情比较突兀，隔靴搔痒没搔到痛处。
变形的文科生,较差,2021-02-16,120,从电影层面来说，这片子也就值两星，没有导演思维，没有剧作逻辑，甚至可以说不算个电影。但是它胜在真实的情感以及强大精准的催泪点（母爱的早逝），观众的情绪完全被这个带着走了，压根顾及不到其他方面。原以为豆瓣这里是最讲究逼格以及聚集了最多深度影迷，打分会比较讲究，然而从评分结果看，其实大多数人还是吃这种情绪大补汤，理性在感性面前啥也不是。希望以后不要招来大片模仿，这样的整体电影审美又下坡路了就，这样就比较可惜了。
蕺山书院保安,很差,2021-02-12,104,扮丑，消费肥胖女性。卖惨，消费母爱。看完简直得了生孩子恐惧症。全片看下来那真是三如全犯。你把道德光环加满也没用。
的云,较差,2021-02-14,102,平凡的作品撑不起伟大的主题
上官良成,较差,2021-02-12,78,實際上，這只是一個很感人的小品。我能感受到賈玲的那份誠心，但是離電影還是差遠了。不知道電影什麼時候也開始用背景虛化了，看著好難受。
JOJOORC/Z,很差,2021-02-15,65,【电影水军骚扰，一星】没有最后二十分钟的话是个三星的加长版小品，但最后二十分钟让我很难受，这个难受同时来自我既是妈妈又是女儿的身份。子女感动的点在于母亲为自己无条件的付出和爱，但这种单方面的感受加入了很多想象，甚至有点自私；做为妈妈，我不认为爱是无私无条件的，也不觉得希望孩子出息或怎样是自然的，母亲不应该只因一种亲子关系歌颂，甚至父母的爱无需被歌颂。我们这种彼此期待又彼此憎恨和痛苦的家庭关系可以稍微松绑一点点，大家共同走了一段路，就轻松些吧。母亲不平凡也不伟大，卸除上价值吧。
鱼飞向北海,较差,2021-02-20,87,厄长，刻意，逻辑不通，有钱了阿猫阿狗都能当导演了。
下一秒治好懒病,较差,2021-02-12,80,编剧到底参考了多少韩片，最后知道真相哭着跑的一段也很《开心家族》。以及看完结尾想想前面，破绽多的都提剧本难为情。以及再说一遍，强行煽情不光荣。
152****5540,较差,2021-02-13,79,穿越实在烂大街了，再加什么花样也是烂大街；非要搞喜剧最后是悲剧那套，那干脆拍个正正经经的电影多好，喜剧元素剃掉不完了；演员实在太熟，跳脱不了以往的印象；剧情有的地方过于尴尬... ...整个片子就像一个个小品合起来的冰糖葫芦，但最后几个放的都是苦瓜。另外，平心而论，冲着前期的笑料，片子可以勉强给及格。但是，这个片子放春节档就离谱！！贾玲最后几分钟就不停在哭，还要勾引你也跟着哭，大年初一的，看这玩意儿图的啥？像我这种母亲已经过世的更看不了这个，气
电影小王子,很差,2021-02-22,146,太尬了，哪里好笑？哪里好哭？啥也不是
ReRa,很差,2021-02-20,88,为什么豆瓣不能打0星？
Janie,很差,2021-02-13,81,沒看過原來的小品，大概猜到了是給媽媽遲來的情書，但真的特煩這種以私人情感綁架觀眾的片子，說白了就是導演的自我感動。在小品中插穿越梗就很離譜，何況你才從天而降剛醒凳子都還沒坐上張嘴就來句“現在是哪一年”我就真的很想罵人了。小品梗都好過時很爛俗，張江的演員一張嘴真的很想讓他出門直走上春晚，大哥這不是你的舞台。最後日劇跑眼淚直掉強行煽情影廳裡前面笑得有大多聲的觀眾哭得就有多難過，我真的全程白眼，累了。一星給你媽吧，現實中的那位。
孟浪,较差,2021-02-16,45,电影小品化，情节段子化，还是在用舞台的思维做导演。故事发生地被设置在湖北襄樊（车牌鄂F），一众主配角却说着一水儿的东北话。全片不仅充斥着对80年代流行文化符号式的幼稚想象，各种时代金曲的滥用可能让贾樟柯也有点望尘莫及，矫情伪饰的风格或许正好和《乘风破浪》《老师好》等烂片组成“梦回80年代浪漫宇宙”。把所有的情感落点都集中在最后十分钟，试图用饱和的催泪桥段挽救强设定的穿越烂梗，但一切表演却在结尾两张黑白照片的衬托下显得那么的虚妄。
darkkev1n,较差,2021-02-24,71,你连你爸是烧锅炉的都不知道？
阿特拉斯耸耸肩,较差,2021-02-12,65,实属不行……球球了，别在喜剧片里自我感动了……真的，连喜剧部分都做不好……沈腾给你你也不会用啊……而且这宣发真的不涉及欺骗观众么？搞得跟沈腾是主演似的，沈腾戏份还没陈赫多……
诸葛亮,很差,2021-02-12,74,不好看，好尴尬喜剧。。。
超人叔叔,较差,2021-02-13,58,一度非常出戏摸不着边 全靠最后的标准程序式煽情告白拉回 哪怕贺岁档也请主创走点心吧；当然母亲最真挚也最朴素的愿望是希望下一代健健康康开开心心是没错
小枫,较差,2021-02-12,57,两星半，合格的处女作，有笑有泪，但整体冗长单薄，属于90分的想法，60分的呈现。全片最好的片段就是片头，酒席的表演节奏、分镜设计，行云流水。1小时以后突然疲软，完全可以剪掉很多不必要的升格回闪，观众有脑子，能自己看明白，真不需要每一步都回闪提示！最后的反转就是强行反转，反转不是一个混剪回闪就完事儿了的，前面草蛇灰线了吗？有表演细节吗？没有呼应的反转就是耍流氓。最后，张小斐没有赋予李焕英血肉，张小斐还是张小斐，如果换一个有演技能支撑的人来演，我愿意给三星半。
赛高得嘞,很差,2021-02-22,64,难看，逻辑无内容粗糙无笑点强行煽情，这部电影请问除了立意好之外还有哪里有可取之处？人物塑造失败，陈赫这个角色和感情线有啥必要吗？看的稀里糊涂，打排球那里前后拍的又臭又长有啥必要吗？沈腾文艺汇演那里我的表情就和台下观众的表情一样…还有从头到尾一直在强调你妈妈希望你健康快乐就行了，也没挖掘母亲本身作为一个少女一个独立的人的思想，本质还是中国式父母，以孩子为中心。不值得高分也不值得这个票房
可爱大仙🐶,较差,2021-02-13,55,"前半截是个二流小品！
后半截走《艺术人生》煽情流！
好好演小品、搞百变大咖秀，不好嘛！
五十二一张票我干点啥不好！
为贾玲挺尴尬的！
——
贾大玲成了影史之最。
我觉得她自己也挺心虚的吧！
这个心情大概类似于我小时候抄的作文被当成了范文！
你心里有数下面是嘘声一片的。
有人拿好莱坞的票房之最也没有艺术性来说事。
可是《李焕英》能和《阿凡达》、漫威宇宙这些相提并论嘛！
不好和烂是两码事啊！
可以不谈电影审美，但必须要有基本的审丑能力！
最糟糕的事情是啥呢！
是广大投资人惊觉原来钱还可以这么捞！
那大家就一起捞吧！
【2021.3.26补记】


"
Marc,很差,2021-02-12,65,十三年后重回明珠影剧院千人厅，无秩序等待进场的人潮、单双号分门、硬质座椅、玩手机聊天接电话的观众，小孩大叫、铃声作响，好似一切都没变。电影难看到像是那几年我们一起看的贺岁片，周围人该笑的时候笑、该哭的时候哭，真叫我感动。
美喵如玉,较差,2021-02-13,67,放过喜剧吧，真的厌恶了强行煽情升华硬灌毒鸡汤非把观众“感动”（膈应）哭不可的“喜剧”，又不是聊斋，整什么“笑中也有泪乐中也有哀”？近几年甭管相声小品电影通通都是这个套路，想无脑哈哈哈咋就那么难捏？
快乐小狗,较差,2021-02-12,64,贾玲这个片子在春节档其实还蛮能引起中老年观众的共鸣的（我妈就抢着要看这个片子）食堂、电视机、工厂这些元素都是他们记忆里元素，也能理解贾玲对于她母亲的情感，但是这个片子实在是有点无趣。
杂货铺老板,很差,2021-02-14,72,我大过年的去电影院哭？
荣师傅肉酱面,较差,2021-02-12,50,悲剧，喜剧，贾玲母亲好可怜啊，消费了这么多年
Crazy Party,较差,2021-02-19,56,很遗憾，我实在get不到泪点啊！就觉得整部戏，至少一半镜头是生怼在贾玲的大脸盘子上，时而凝眉立目，时而哭笑无常，太惊悚了！二人转演员之所以总让人觉得假，就在于表情管理上，夸张得太凶残了。再有，80年代东北话并不流行，既然是在湖北拍的，何必非要说东北话呢？
云起yuki,较差,2021-02-12,50,贾玲自我感动行，想推己及人，这么简单生硬可还行。陈赫可太油腻了，受不了。
秀子,很差,2021-02-24,60,我们尊重贾玲对母亲的爱，可谁来尊重电影呢？
每天都犯困,很差,2021-02-12,59,不好看！➕10086
夏语冰,较差,2021-02-12,40,贾玲演得有点尬，不过李焕英可真漂亮
北邙之乡,很差,2021-02-13,59,感觉一般般
hypnotised.,较差,2021-02-12,42,抱歉，一部喜剧电影，基本笑不出来，实在没办法给高分。两位男演员，一位的角色莫名其妙毫无作用，另一位都这模样了还演厂长儿子呢？小品式电影，各种拼凑。小品更合适，本身也出色太多。
茧米王瑶,较差,2021-02-16,48,笑点还行，剧情逻辑很一般，大型小品。
FTI宝岛,较差,2021-02-28,52,"看了一半 太难坚持了，好无聊。。。又尬又不好笑，坚持不下去了。最后20min强制煽情。说难听点，就是：贩卖亲情的道德绑架了。
往常贾玲的小品都好无聊的，电影一直坚挺在8+，以为真因为自己对妈的真情实感，拍啥惊艳作品了。结果，，实在能力有限，天花板在那😐。
8.1分真的太不客观。"
芝麻酥糖,较差,2021-03-01,54,对贾玲没意见对张小斐没意见但是电影是真难看
夏天の短袖,较差,2021-02-21,40,喜欢贾玲，但是电影导的真不行。 拥有所有烂片的共同点:故事的推动没有核心逻辑，纯粹的段子拼凑，段子还都俗套的要命。最后还要强行煽情，贾玲的演技也崩了。
六神花露水,较差,2021-03-03,34,没有必要抬这么高……
選凝,较差,2021-02-20,23,反向爽片。當然會哭，你用風油精塗眼睛一樣會哭，那是本能。
falling66,很差,2021-05-02,50,我实在是无法理解这部电影票房为啥会五十多亿，大家都被下降头了嘛？剧情无厘头莫名其妙，后面的煽情生硬。贾玲也不知道是在哭还是在笑，表演完全没有层次。烂片一枚～
金笙,较差,2021-03-08,35,"作为电影完全不及格，就是一个最低级的烂小品，所有编剧方法都老到死并且无趣并且完全无效。
造成我人生中哭得最不行的一次看电影体验，就是可以哭厥过去的地步。
今年的票房这么高完全可以理解，观众并不是为了一个成熟的优秀的电影产品在买单，而是为了一种情感在买单，这就是中国电影市场的财富密码。贾玲吃包子哭加上张小斐回头的那五分钟戏就是中国人对自己母亲的共同视感，中国人的情绪死穴，观众走进影院只买了这五分钟值六七十块钱。"
禄禄福,较差,2021-02-16,31,看完我只能说中国的电影业没救了……
你骏哥哥哟。,较差,2021-03-11,31,中国的电影就是这样被你们玩崩掉的。。
今天星期几,较差,2021-02-20,30,可能是宣传导致期待值太高了，看完很失望。整部电影给我的感觉就是粗糙版的《夏洛特烦恼》+《重返二十岁》+《我和我的祖国》。在妈妈说那句“我觉得我这辈子过得特别幸福，怎么就不相信我呢”的时候，后面的“反转”剧情差不多就猜到了。整体的原创性不高，前半段笑点也很尴尬，过于直白外放，剧情设置也有点生硬，部分画面甚至有些恐怖诡异。
曌影,很差,2021-02-14,14,这特么不比“唐探3”还难看啊。。动情的友邻真心推荐原小品《你好，李焕英》，当年确实让我稀里哗啦。小品有四两拨千斤的力量，电影则笨拙无比。诚然可能面对同样的故事，贾玲的情感当然还是无比真诚的，但她真完全不知道如何在电影表达，全片都充满蹩脚的尴尬。
Ivy🎶,较差,2021-02-20,19,"得，今年春晚没看，这部超长版小品找补回来了。前面搞笑老套（没笑），后面强行煽情（没哭）。
有了贾玲的这份孝心，她的妈妈一定会倍感欣慰。"
呵呵,较差,2021-02-16,30,喜剧小品+煽情mv，根本没有电影感，一如开心麻花的舞台剧，笑点很多但是大部分很尴尬。制片人看到了小品竟有如此巨大的市场潜力，以后估计会有更多小品被搬上大荧幕了。
可乐,较差,2021-03-08,24,现在的打分已经都这么宽容了吗……穿越的逻辑根本不通啊……
空白岸,较差,2021-02-15,13,实在不知道如何看待这种粗糙的表达。感觉过于依赖硬设定了，一旦稍有偏移整座大厦就会轰然倒塌，贾玲没有为自己的眼泪留下任何余地，自然也意味着李焕英很难能有别的选择。为什么要给黑白影像上色？就为了最后那个美丽而虚假的特效夕阳吗？就为了给“母亲”打上圣光？最后与“母亲”相认了又如何呢？当“父亲”和“80年代”一并成为可更替的背景板，这一切都是架空世界的凌空舞蹈。它其实更像是拍给姐妹的电影，而非母亲。
Bejdlxl,很差,2021-02-15,11,少林足球变中国女排，最终仅化为“相亲厂长儿子”的激励事件，留之事倍功半，弃之笑料不够。玲为妈好的战略的合法性始终未解释，跟了沈光林，“就没我啥事了”，角色却并未因此纠结；本来该幕的功能是，攀官二代还是顺从本心，究竟谁为正道、影响几何，既可深入了解母亲少女时代，亦可弘扬正能量，但因沈腾太出色，此价值被掩埋后转移。突然冒出来秘密情人，完全颠覆之前玲的主动性的价值铺设，导致焕英的改变（省悟）跟玲的闯入完全无关。正因为玲的穿越为妈好的策略的合法性和效用完全没扯清（或者说，在穿越里为妈好本身就是幻象且虚伪，跟死后哭孝一个性质），才将价值转移为，妈懂女儿的为妈好即为好（陪你玩一场游戏）；实质是，对如何讲述一个普通的失意的对家人有愧的人的人性闪光点束手无策。比如，考上省艺校，顶个球用？
拉赫玛尼诺妇,较差,2021-02-18,20,我全程无动于衷，旁边两个大妈也没啥反应，倒是听到前排年轻人抽泣~能感受到贾玲用心、真诚，但感人的是母亲本身，而不是电影。这种煽情porn真的对观众的成长没啥好处。中国母亲已经很苦了，虽然她们自己并不觉得，“牺牲自我、为了孩子、绝不叫苦”仿佛是中国一代代母亲摘不掉的标签。这些形容词已经常常让人们忘了母亲首先是一个人。真的很希望电影作为一种媒介，能够引导我们走出这种传统的畸形的亲子关系。
陈皮子安,较差,2021-02-21,14,套路很老，只是煽情，电影节奏混乱，剪辑太过业余，前三分之二根本不知道主线是什么，排球赛强调太过。所谓春节档贺岁片就是过了初五以后再看就是垃圾的电影。贾玲这部电影的现象级效果，一是因为春节电影保护月，二是因为疫情人们心理的普遍应激创伤反应
CherieDarling,较差,2021-02-13,25,有陈赫 真不行
大龙猫,很差,2021-02-12,24,会叫的母鸡来演戏，得了吧。
Dew,较差,2021-02-22,16,2021.02.21，//一星半//。没人会不喜欢贾玲，更没人会忍心对她这个半路出家的导演拍一部追忆亡母的处女作苛求太多，贾玲戏中几次对母亲的哭泣，让人想起她现实中的经历，都会共情，同掬一把泪。但谁会为喜剧作品里再一次充当工具人的残疾人共情呢？这部作品本身几无技巧，结构不合理，剧情多处注水，最最打动人的就是一个“情”字。可我总想起总想起那年复一年被春晚取笑支配的恐惧，这些年接触视障听障群体更多，更深地体会到他们在这个信息世界的痛苦。真的伤心，是那个情商最高最乐呵的“小胖丫头”惟妙惟肖地在大银幕重现了这个梗。
晃仔,较差,2021-02-15,17,两星给比想象中好的完整性和情节设置。这的确是女性拍女性的作品，但内容跟女性没有半点关系。拍母亲的题材完全可以拍得更深入，可以融入更多的时代、家庭元素来勾勒母职角色的社会处境。但这部电影仅仅止步于“妈妈再爱我一次”，也就只能是个贺岁档合家欢无脑片了。
胖胖胖胖胖胖胖,很差,2021-02-12,30,太尬了，比春晚小品还尬
villee夜夜追剧,较差,2021-02-18,23,剧情非常不合理。同样的套路故事讲的还不如〖我才不要和你做朋友呢〗。整个电影爸爸的存在就是屁吗？所有要找家长的事情都是妈妈去，孩子所有事情都是找妈妈，爸爸就是谢师宴出现了一个喝酒的背影，谢师宴回家都是妈妈骑车带孩子…没必要为了突出母爱，搞成丧偶式育儿吧！孩子高中都毕业了，做假证，不违法吗？这样的溺爱式教育不失败吗？为了搞笑而搞笑为了煽情而煽情…贾玲虽然很可爱，但是演高中生，跟章子怡演上阳赋少女不是一回事吗？两分不能更多了，尴尬症我都犯了。
Anakin,较差,2021-05-16,17,贾玲不懂她妈，也不懂母爱，好像更不太懂自己
WR-400,较差,2021-02-18,16,"天要下雨，娘要嫁人，这种话我真是在电影院极度难受，而且贾玲想让她妈过得更好只局限于让她嫁得更好，这可不就是最可悲的吗，还有啊，跟猪头三结婚，还妄想生洋娃娃？
至于你妈生的是不是你会不会更幸福的讨论，你妈的一生不局限于结婚生子才是最幸福的哈，别再纠结了，人都不是自己被选择生下来的，自寻烦恼恶心人，口区"
Panda   ╮,较差,2021-02-19,10,把人看哭了就等于好电影？我觉得只是大型情感演讲强行煽情强奸现场，八分电影门槛也太低了吧……剧情牵强，动机不明，bug很多就不说了，毕竟编剧能力有限，最起码电影节奏和小品节奏是不一样的吧，多少次被尬的坐立难安想离席，30亿票房，只能说明市场驱使大多数人没有审美品味，再也不看贺岁片了……
绛洞花郎,较差,2021-02-12,26,真有够尴尬的。。。
背后无人,很差,2021-02-22,46,尴尬的表演
杨英俊,较差,2021-02-14,14,没有很搞笑，也没有很感人
V for Vendetta,很差,2021-02-23,3,现在电影只分好和不好了吗，说中规中矩被骂了，慕名去看了，没有吹得那么神，泪点高，没哭，被喷了，大过年的一定要哭吗，还有什么时候看哭成为了衡量电影好差的标准了。
杨巨强,很差,2021-03-21,17,电影界的悲哀
钟子默,较差,2021-02-14,22,还有能说道的地方在于它向我们展示了在无数催泪作品中都存在的关于“爱”的淫荡结构（催泪的原因）——作为窥视者的全能终究在其发生阶段就暴露（包裹）于母系他者的觉察之下，导致这种全能感的回溯性丧失和主体的回溯性被觉察，它召回了我们自身的某种“崇高（排泄物）”，我们把自身的脏东西献给了积极配合的“神”。就像中学语文课本里的那句箴言：“天下最幸福的事情就是不知道自己偷偷做的好事，早被人看在眼里！”这也就是为什么这部片子成功利用母亲超我向大众传递了新保守主义的价值信念。如果说改革开放以来，现代化making的原子主体迫切寻求某种倚靠，那么回归“始发纽带”便成了这样一种淫荡增补。我们都想在唤回一个“家庭”中的主人，在物质时空上指向改革开放初期的无穷可能性；在伦理上指向包容/吞没我的母亲，对前俄狄浦斯的倒错
牛肉蛋捞丁,较差,2021-03-18,30,有些悲哀 不知道这部电影被吹捧的最根本原因是不是当代人情绪找到了泄洪通道 一部无论是对女权还是母爱理解都十分肤浅的电影在春节档被吹捧 仿佛在告诉我大俗即大雅 
zzy花岗岩,较差,2021-02-21,8,是不是以后国产喜剧都会是这种小品式的，段子拼盘集锦？
螃蟹,较差,2021-02-19,8,可能期待的确被票房和豆瓣评分抬高了一些，但是。。。我真的在大部分观影时间都感觉到了无聊并不推荐怀着类似期待（比如这是个合家欢的，能让你笑中带泪的合格电影）的人去影院看。哪怕我也哭了，那句精准戳中所有人的“妈妈只在乎/希望…”，和那个“宝儿”（这个细节赞，但这种真正有生活质感的细节在片子里一只手数得过来），我也觉得要支持有诚意的原创电影，但本片不值得作为20亿+（我觉得10亿都多）票房的典范。
追剧小迷妹,较差,2021-02-13,16,李焕英影评:我觉得营销过头了，我是抱着看最佳电影的期待去的，网上营销说别画眼妆，记得带纸巾，我还跑去买了包纸巾，结果整部电影看完愣是没用上。片头抄袭广东学生伪造录入通知书家长喊亲朋好友庆祝结果露馅的故事！中间强行尬穿越，结尾强行尬催泪。非常失败！还最贵电影票……给两⭐ 星半吧，豆瓣最终能有5分就不错了。跟刺杀小说家不相上下，还没有重返十八岁好看，春节看了四部，三部扑街，就侍神令还行。刘德华人潮我也不打算去看了……就酱！
深山见鹿富平侯,很差,2021-03-05,6,为什么不第一时间发现劝妈妈不要结婚或者不要生？
杨三疯,很差,2021-02-20,6,满眼鸡贼和猥琐你们看不到吗？
小布鲁斯基,较差,2021-02-18,14,这就是导演只拍给自己妈妈电影  而不是献给所有妈妈的电影  你懂我意思吧  全片0共鸣  更别说泪点了  6.5分   但是如果我事前知道是双穿越设定  结合剧情  不及格分
阿斯特拉不響,较差,2021-02-13,8,"春节档片子品质实在太低了，这部怀念妈妈的电影竟然能到8.3分。春节档的品质和高昂的票价，在家看看经典影片更值得。
主线故事的叙述很不清晰，很多场景都是小品，如果删除对故事没有任何影响。笑点和泪点都比较刻意，打排球的特效很劣质。"
显老,较差,2021-02-15,10,这个片子是不错的喜剧，结尾的反转也能催泪。可是它第一不值这么高的分，第二不值这么贵的票价。这就是典型的割韭菜！都这样拍电影，以后中国电影真没戏了。唐探3的确有自己的问题，但是制作团队真的是很卖力的在拍电影。《李焕英》就把小品注上水，就把钱骗走了，买票看的，真的是交了智商税。
潜意识,较差,2021-05-03,4,综艺、小品、短视频、自媒体、朋友圈共同打造出这一部56亿票房神话的“电影”。
阿尔法,较差,2021-05-05,3,两星和三星之间犹豫不决
婴儿不懂爱,较差,2021-02-15,11,异命题的三观正确的《夏洛特烦恼》，创作者的出发点是好的，但艺术风格和视听语言只停留在中学生命题作文水平。如果说喜剧只做到有笑有泪就可以，那么市场上将只会充斥着煽情机器——这也正是电影后半段的真实情况，设若不去打磨戏剧结构、凝练主题思想，再多的情绪堆积都是银幕上的精神鸦片和消费快餐。
雷斯特雷波,较差,2021-05-07,9,廉价的情绪输出
Lucifer,较差,2021-02-26,3,为什么我看了一点感觉没有呢？只觉得无聊，确定是电影？
ᠴᠣᠭᠲᠤ,很差,2021-02-13,17,dogshit
萤,较差,2021-02-18,12,中国电影电视编剧，除了用穿越带来的天然认知优越，还有其他办法产生创意，让主角差异化，让观众爽到吗？
skyscraper,较差,2021-02-18,4,说实话如果没有贾玲对母亲的怀念这块，我会更加讨厌这部强行煽情又无法共情的“电影”。
力比多,很差,2021-02-13,13,这8.3真的离谱了，按摩椅按了60分钟都不能缓解我的乏味，但论尬还是比不过《小红花》，倒是煽情的不知道贾玲在哭还是笑。概念老套，情景塑料，笑点勉强。明明要避雨，电影院就在门后，还得俩人挤着缝演韩剧。不说年代特效，非得80年代就女排，来来去去这几个年代指定精神看烦了，不如“妈妈再爱我一次”吧。
porkpark,较差,2021-02-19,8,跟我妈在小镇上影院看的。电影院旁边有家倒闭一半的烤肉自助，门口是穿旗袍发代金券的小姐姐。楼下卖内衣、美甲和打折童装。电梯口有一台坏掉的夹娃娃机，不确定坏了几年，里面的娃娃像死的。北方傍晚五点，整个商场无精打采。人们冰冷地进进出出。看完电影等车的时候我提出买山楂糕我妈同意了。我说再买两包牛肉干，被断然拒绝。回家沉默吃完晚饭，碗边的油粘着饭粒。我爸决定出去吸烟，说一会儿要跟同事再喝点。我妈说我得去你姥姥家给你姥姥透析了
Anondot,很差,2021-05-09,10,"这他妈哪是电影，简直就是春晚小品大荟萃。亲情作为题材，永远是最安全的，你敢说妈妈不好，你就是不孝，不孝是多大的罪啊，比杀人放火还严重哦，已经对构建社会主义和谐社会造成极大威胁了，很大一顶帽子

当然，拍电影目的就是上映，上映了是要卖票的，买票是要花钱的。贾玲说自己不是为了当导演才去拍电影，是为了拍李焕英才去当导演。这句话反映出两个事实：电影随便拍，导演门槛低

话说回来，论票房，这电影肯定成功啊。问题是，我们还有别的标准吗？好像没有，铁定成功了！必须的！妥妥的！"
冰山李,较差,2021-02-16,6,沈腾加一星，大张伟片尾曲加一星 with yy
窗帘菩萨,较差,2021-02-21,8,目前看来  中国人不需要电影滋润，小品就够了
一截盲肠,较差,2021-02-12,10,沈光林，站起来，贾晓玲，还我票钱
VeryGZ,较差,2021-02-17,4,这不是情人节圣诞节专供穿越爱情片的变体——穿越亲情片么，精准投喂春节档受众，现在的口(评)碑(分)和票房逆袭势头确如magasa所言它接过了春晚没能再承担起的“国民情绪消费”功能。万幸没跟我妈一起看，哭吧略显尴尬不哭吧显得冷血，万一片尾一行字幕“请拥抱你身边的母亲”更社死了。但其实也有好的地方，女性电影人没有油腻屎尿屁笑点也没有直男癌荤段子，更没有拿女性容貌身材开玩笑。@卢米埃芳草地
llispector,较差,2021-02-17,5,2.5这就是春节档的高分电影呀？六个编剧写出这么个平庸的剧本，导演没有水平没有审美，表演是小品式的。反转视角的设计是糟糕的，让原本因穿越而成为朋友战友的两人，再次退回母女。对于母亲、母女关系的塑造和想象都很匮乏，最终也只能靠中国式温情来吸引观众了。
梦子,较差,2021-02-20,3,有点老套，又是穿越梗
不纯不纯,较差,2021-02-18,3,哈哈，我们真的缺乏真诚吗，只是人们很难看到这些真诚。对私人感情不予置评，只觉得被市场狠狠嘲讽了。
碘伏,较差,2021-02-15,8,无法代入
给艾德林的诗,较差,2021-02-15,3,语言方面不作评价，因为没有；所谓“好事”、“享福”、“高兴”乃至“成功”的标准属于社会想象共识，撼动不能，碰者死，且随着后浪站、蛆博、叼盘乎与抖阴的侵袭，越发展却更回归保守与腐朽且愈演愈烈，不讲可理解；剩下就是贾玲的真诚情感，尤其是张小斐的上镜，算是如果能称为片子的片子成立的前提了，要足足加上一星。
玉手竹子,较差,2021-02-23,4,真就春晚小品。
湿润的小眼睛,很差,2021-02-14,13,站着怀念，顺道把钱挣了。自编自导自演，zg又出来个天才导演，一鸣惊人。回头一看评分8.3，我吐了真的
pablo,较差,2021-02-22,4,选角，剧情，剪辑，节奏都有问题，让人完全没有代入感。原谅我这么有批判性，但我真的觉得像是生搬硬套的作品。故事立意很好，但让我时时都跳戏，那也是够厉害了
Gordon,很差,2021-02-12,6,这能叫电影？？？？？？？？
喜喜自動販賣機,很差,2021-02-21,5,三观特别不正，极度势利眼和品格恶劣，不过倒是很符合现代人的思想境界。母女关系在我看来也很不利于心理健康。太多负累、牵绊和捆绑。中国人都有点吧，我们应该活出独立的人格，个人为个人的快乐负责，而不应该责备自己，充满愧疚的负能量。哎，大家都说很感动，我却看得很担忧，为国人的捆绑式的亲子关系担忧。何时能获得轻松的人生潇潇洒洒活一场呢？
bird,较差,2021-02-14,2,瓣瓣无力招架的温情片
一下打死7个,较差,2021-02-23,1,大家勇敢点打低分嘛，不要觉得母爱主题神圣不可侵犯... 虽然这POV加反转真的挺巧妙，但要不是那些糟糕的打光调色特效运镜（冷特和排球队出场的特写是个什么暮光之城运镜审美糟粕陋习？？？cringe），我可能还会推荐2倍速二刷。说五刷了每次都哭的人，有这个时间给自家妈妈打打电话不好吗？说像穆赫兰道的，有这个时间再看一遍穆赫兰道不好吗？（雪姨还是那个雪姨 嗯
Castieal,很差,2021-02-22,2,前半部還不錯，看到中間就忍不住開始批判。像樣板戲。光，台詞，音樂，鏡頭，煽情元素一套一套的。友人和我說是導演的母親剛去世，覺得這樣為了讓全國人民一起悼念她媽媽，這樣用力過猛實在不好。而且容易讓業界覺得這樣有搞頭，以後除了賽車槍戰無腦爽的類型以外又多了無腦哭的類型。
黛轩主人爱黛说,较差,2021-02-14,4,没经历过生死的人，觉得很震撼，经历过的人觉得又如何
陰陽魚,较差,2021-05-16,3,首先，我不理解把尷尬當喜劇的風格是誰發明的。很多情節設計得讓人一看就已經知道後邊要怎麼尷尬了，然後愣尬十分鐘。朋友間比來比去的那種文化我家沒有，我本人也比較反感，所以頻繁出現很影響我的主觀觀感，覺得沒意思。我母親、我奶奶都不是這樣的人，沒有親身經歷過這種氛圍，毫無共鳴可言。唯一的亮點，可能是植入的舞台劇，所有節奏和形象一下子全對了。
Boyern V,很差,2021-02-14,7,1.8/5.0  疑惑创作者是否真的领略过内核的力量，不然为何匹配如此愚蠢的喜剧结构；让人物的情态间充满不可信，而整体重要的“反转”又在此基础上另铺开一层虚假，生成非常扭曲的意志；观众的情绪，到底有多少来自条件反射，多少是基于分析
Redux,很差,2021-02-23,1,“你什么时候能给妈长回脸”。果然anti-parents的ptsd都犯了。上一代的消耗，下一代用讨好来填补。只能这样去实现对彼此的定义。什么时候才能放了自己，放过母亲啊
Ran,很差,2021-02-26,6,三段抖包袱小品，被抬得这么高，毫无逻辑的叙事，全靠煽情堆砌。我没有看到那个年代真实的生活状态，只有努力完成的服化道。我没有看到母女之间“讲人话”，只有满屏的刻意抒情。对于我个人来说，是真的不喜欢这类作品。
国境以南,较差,2021-02-13,2,最后五分钟在影院内差点泪崩，但这只是那些单独拎出来就足以唤起共鸣的闪回片段。抛开中规中矩的小品电影情节外，我其实很讨厌这个反转，一直以来所塑造的“自己的人生依然精彩”的母亲再次沦为贾玲的自我投射，为子女而活的母亲的幽灵重新占据了主导，这不能不说是一种导演的傲慢与自我感动
崔勺,较差,2021-02-13,9,豆瓣评分越来越水了
杨不过,很差,2021-05-06,17,俗套，狗血，丑陋，模仿……无语了，就是一放长的小品，比不上夏洛特烦恼，是怀旧喜剧，
狗蛋是只猫,很差,2021-05-04,3,流水账两星，过度营销减一星
踌躇不前的猪,很差,2021-02-17,9,如果只谈“感人”而不去谈电影本身，那你天天可以去给新闻打五星，再感人的都有。电影本身无论是剧情推动，还是转场设计都烂得一批，因为导演本身没有能力。对了，这电影对我来说并不感人
易老邪,较差,2021-05-20,6,不好笑，也不感人。内容空洞、故事无聊、笑料粗俗，也因此，所谓内涵的真挚深厚的情感云云，即便在创作初衷上真的有过，在成片情节上也无所依托、无从呈现，一味靠配乐渲染和干嚎抹泪强行煽情，让我倍感肉麻不适，哭笑不得且压力山大。贾玲如果你真的是想拍部电影来表达对妈妈的感情，那就拜托给大家来点真东西，而不是这类小品流水线编写的烂俗段子笑料拼凑而成的东西，这东西，承载不起也表达不出任何真挚深厚的情感，OK？
zzang,较差,2021-02-13,1,2.5 反转加半星 孩童时期的哭唤与妈妈爽朗的笑声交替略戳泪点 除此之外都很平庸 本该擅长的喜剧部分有点失望（不影响对贾玲本人的喜欢
青旗,较差,2021-02-16,1,简单说，不是陪父母的话，我肯定不会花俩个小时几百块看这么个玩意。这次也让迟钝的我发现“大过年”“来都来了”这两个词如此适合春节档。与其说大家看的是电影，不如说是借电影院来联络感情，感受“年味”，质量如何并不重要，对味就行。  所以陈思诚能成为导演票房第一人，所以沈腾贾玲终将成为春节的老面孔（无论是影院还是春晚）。  虽然合家欢是个伪命题：小孩子在闹，情侣在聊，父母在笑，我在熬。但毕竟大过年的，来都来了。       有句题外话，片子里沈腾增肥后的那个歪头镜头，剃成光头简直就是徐峥本峥。    He tui!
斯宾诺莎的问号,很差,2021-02-22,5,"你们怎么突然对国产电影表现的这么宽容了？上一次还是《少年的你》
《比悲伤更悲伤的故事》不比这悲伤，当时坐在我旁边的姑娘可是哭到脱妆啊，怎么才4.8
《夏洛特烦恼》不比这幽默，怎么才7.7
你们到底怎么了？？？"
碾压一切,较差,2021-03-18,6,说实话，不咋感人，也就一般吧。。。
黎耀辉,较差,2021-02-15,3,陈旧的套路，还是依赖于段子而忽略电影本身。当亲子关系一旦以这种姿态再现，观众不流泪都成了无情背叛。多么冒犯。
毒舌列文,较差,2021-02-12,6,这片子果然不出毒舌君所料啊，故事不行，笑点不多，整部影片在大部分时间里都是在没事儿找事儿地凑戏，笑点也主要是依靠贾玲和沈腾等笑星自带的喜剧魅力和观众好感度，而不是角色和故事本身有趣！别看预告片疯狂主打沈腾，影片都开场50分钟了，沈腾还没亮相你敢信？如果没有结尾的反转煽情的话，那么整部影片就真的一无是处了，所以本片真正的看点其实是亲情和感动，把本片当成爆笑喜剧片来期待的观众估计要失望了！
嵬森特,较差,2021-05-09,2,总不能说选一个好（煽情）的题材，再加几个段子就是一部好电影吧？
淡淡苦涩,很差,2021-02-28,9,虚高了，压一下，这电影虽然不错，但是怎么也不可能上8分的
飞到另一边,很差,2021-02-17,6,"三分怀念母亲，七分为了捞钱！贾玲非常聪明，疫情一年多了今年很多人又无法回家，亲情牌非常奏效！一下子成为最高票房导演女导演，名利双收！
可以预见的是，沈腾马上也要当导演了！"
渡桢,较差,2021-03-03,4,为什么评分这么高，票房这么好，除了真实的导演个人情感，还有对一个理想女性形象，或者说母亲形象的需要，但是视角的选择不够丰富，。至于导演技法，剧本，以及喜剧特色，算了吧…贾玲就此一次，说到做到行吗？
#Bennis@Liang#,很差,2021-05-04,2,就这？也能破50亿票房？中国电影还有救吗？
SuiKa,较差,2021-02-20,3,真挚的情感与传统的刻板印象，刻画出一个贾玲想象中的母亲，一个永远在笑着的工具人，结尾的反转有多感人，传统的价值观就有多渗人。另外本片导演很一般，小品以及周星驰式的笑料堆砌看起来廉价又低级，开心麻花带起的这股风气什么时候才能消停？都1202年了，还有导演不知道周星驰的风格除了他自己以外无人可以驾驭吗？2星。
细流,较差,2021-05-04,1,"我看的时候代入了贾玲现实的情况，会更理解和接受她电影里的角色和情感宣泄，她这么长的哭戏和悲伤的哀求，唉:-(。电影倒没怎么打动我，主线是不清晰的，随意感强，很多可有可无不连贯的配角和剧情，令我不太关心电影的人物和发展。比较遗憾的是，电影里李焕英始终都只是一个“妈妈”身份的人，贾玲想表达什么呢，李焕英是什么样的人？对妈妈的理解？与自己的和解？感觉都没有，最后一切也是回到原点，对电影里的现实/人物成长是没有改变的，或许这才是现实世界一样，苍白的“我爱你”
文艺汇演上沈腾的开头几分钟还挺讽刺和有意思的，幽默的想象和尴尬的沉默对比
ps.李焕英演得还挺爽朗自然，讨喜"
等待戈多,很差,2021-02-19,4,不管多真诚多搞笑，本质上还是一个小品，把它当电影看，评分真的虚高了，平衡一下。不想再看贾玲嗷嗷大哭，这种煽情太过廉价，宁肯再看沈腾摔几个跟头。
coxxon,较差,2021-05-02,2,导演pua母爱大型现场
托尼·王大拿,较差,2021-03-31,12,未来可作为中国版“是电影(Film)也不是电影(Cinema)”的绝佳例证。
冰山的阴影,较差,2021-07-29,0,只有情绪，没有逻辑，更没有节奏。无数人厌恶父母以爱之名给自己预设了人生，你穿越了却又想着以孝之名要去改变父母的人生。真的是套娃一般的死循环。
143.,较差,2021-05-02,1,"、
全场比赛突出一个假 实话实说 比唐探3好许多 啊哈哈哈哈哈哈哈.."
埃里克·布莱尔,很差,2021-02-13,7,不能忍
kulilin,较差,2021-05-06,0,小品
-   ◡̈⃝,很差,2021-02-15,10,- 就这剧情你上了几天的热搜？？？？我真的觉得挺浪费感情的
未卜,较差,2021-02-21,3,这也太会绑架观众了，比唐探还商业。这样的成绩，对认真做电影的人来说是一种侮辱。
伊夏,较差,2021-05-22,1,各方各面的劣质。很难笑，有一点点感人，但都比不上日常里读个小文章或者跟妈妈真实聊天那种动情。
王小二,较差,2021-05-27,1,真心不好看，多一星为了怀旧
